{
"lengthUnit": "mil",
"components": {
	"fields": ["COMPONENT_NO", "COMPONENT_NAME", "LAYER", "X_COORDINATE", "Y_COORDINATE", "ANGLE"],
	"rows": [
		[1, "C1", "T", 565.12, -50, 180],
		[2, "C2", "T", 565.12, -120, 180],
		[3, "C3", "T", 564.88, -190, 180],
		[4, "C4", "T", -560, -30, 0],
		[5, "C5", "T", -559.88, -100, 180],
		[6, "C6", "T", -560, -170, 180],
		[7, "C7", "T", -455, -405, 90],
		[8, "C8", "T", 675, -620, 0],
		[9, "C9", "T", 415, -680, 0],
		[10, "C10", "T", 415.24, -275, 0],
		[11, "C11", "T", 562.44, 382.56, 90],
		[12, "C12", "T", 562.44, 197.44, 270],
		[13, "D1", "T", -340, -355, 270],
		[14, "D2", "T", -520, -255, 0],
		[15, "H1", "T", 780, 705, 270],
		[16, "H2", "T", 780, 280, 270],
		[17, "J1", "T", -100, 855, 180],
		[18, "J2", "T", -50, -860, 180],
		[19, "J3", "T", 780, -105, 90],
		[20, "J4", "T", 831.54, -488.6, 270],
		[21, "J5", "T", 835, -810, 90],
		[22, "LED1", "T", -830, 600, 0],
		[23, "LED2", "T", -830, 530, 0],
		[24, "LED3", "T", 165, 675, 270],
		[25, "LED4", "T", 265, 675, 270],
		[26, "R1", "T", -250, -25, 270],
		[27, "R2", "T", -710, 530, 180],
		[28, "R3", "T", 165.34, 535.34, 90],
		[29, "R4", "T", 265.34, 535.34, 90],
		[30, "R6", "T", 261.04, 110.43, 90],
		[31, "R7", "T", 675.68, -690, 180],
		[32, "R8", "T", 675, -750, 0],
		[33, "SW2", "T", 100, -465, 270],
		[34, "U1", "T", 0, 0, 90],
		[35, "U2", "T", -730, -435, 0],
		[36, "U3", "T", 420, -465, 180],
		[37, "USB1", "T", -795, 0, 270],
		[38, "X1", "T", 420, 310, 90]
	]
},
"pins": {
	"fields": ["PIN_NO", "PIN_NAME", "PIN_X", "PIN_Y", "LAYER", "PIN_TYPE", "NET_NAME", "NET_TYPE", "PAD_SHAPE", "PAD_SIZEX", "PAD_SIZEY", "HOLE_SIZE", "PAD_ANGLE"],
	"rows": [
		[1, "C1_1", 592.68, -50, "T", "SMD", "GND", "GND", "R", 31.5, 35.43, 0, 180],
		[2, "C1_2", 537.56, -50, "T", "SMD", "+5V", "", "R", 31.5, 35.43, 0, 180],
		[3, "C2_1", 592.68, -120, "T", "SMD", "GND", "GND", "R", 31.5, 35.43, 0, 180],
		[4, "C2_2", 537.56, -120, "T", "SMD", "+5V", "", "R", 31.5, 35.43, 0, 180],
		[5, "C3_1", 592.44, -190, "T", "SMD", "GND", "GND", "R", 31.5, 35.43, 0, 180],
		[6, "C3_2", 537.32, -190, "T", "SMD", "+5V", "", "R", 31.5, 35.43, 0, 180],
		[7, "C4_1", -587.56, -30, "T", "SMD", "GND", "GND", "R", 31.5, 35.43, 0, 0],
		[8, "C4_2", -532.44, -30, "T", "SMD", "+5V", "", "R", 31.5, 35.43, 0, 0],
		[9, "C5_1", -532.32, -100, "T", "SMD", "GND", "GND", "R", 31.5, 35.43, 0, 180],
		[10, "C5_2", -587.44, -100, "T", "SMD", "VCC", "", "R", 31.5, 35.43, 0, 180],
		[11, "C6_1", -532.44, -170, "T", "SMD", "GND", "GND", "R", 31.5, 35.43, 0, 180],
		[12, "C6_2", -587.56, -170, "T", "SMD", "VCC", "", "R", 31.5, 35.43, 0, 180],
		[13, "C7_1", -455, -432.56, "T", "SMD", "$1N3451", "", "R", 31.5, 35.43, 0, 90],
		[14, "C7_2", -455, -377.44, "T", "SMD", "GND", "GND", "R", 31.5, 35.43, 0, 90],
		[15, "C8_1", 647.44, -620, "T", "SMD", "+5V", "", "R", 31.5, 35.43, 0, 0],
		[16, "C8_2", 702.56, -620, "T", "SMD", "GND", "GND", "R", 31.5, 35.43, 0, 0],
		[17, "C9_1", 387.44, -680, "T", "SMD", "RESET", "", "R", 31.5, 35.43, 0, 0],
		[18, "C9_2", 442.56, -680, "T", "SMD", "$1N7931", "", "R", 31.5, 35.43, 0, 0],
		[19, "C10_1", 387.68, -275, "T", "SMD", "GND", "GND", "R", 31.5, 35.43, 0, 0],
		[20, "C10_2", 442.8, -275, "T", "SMD", "$1N4306", "", "R", 31.5, 35.43, 0, 0],
		[21, "C11_1", 562.44, 355, "T", "SMD", "GND", "GND", "R", 31.5, 35.43, 0, 90],
		[22, "C11_2", 562.44, 410.12, "T", "SMD", "OSC_IN", "", "R", 31.5, 35.43, 0, 90],
		[23, "C12_1", 562.44, 225, "T", "SMD", "GND", "GND", "R", 31.5, 35.43, 0, 270],
		[24, "C12_2", 562.44, 169.88, "T", "SMD", "OSC_OUT", "", "R", 31.5, 35.43, 0, 270],
		[25, "D1_1", -340, -277.84, "T", "SMD", "+5V", "", "R", 62.99, 66.93, 0, 90],
		[26, "D1_2", -340, -432.17, "T", "SMD", "$1N3451", "", "R", 62.99, 66.93, 0, 90],
		[27, "D2_1", -588.31, -255, "T", "SMD", "VCC", "", "R", 55.12, 47.24, 0, 0],
		[28, "D2_2", -451.69, -255, "T", "SMD", "GND", "GND", "R", 55.12, 47.24, 0, 0],
		[29, "H1_1", 730, 855, "T", "DIP", "+5V", "", "R", 66.93, 66.93, 43.31, 270],
		[30, "H1_1", 730, 855, "B", "DIP", "+5V", "", "R", 66.93, 66.93, 43.31, 270],
		[31, "H1_2", 830, 855, "T", "DIP", "+5V", "", "C", 66.93, 66.93, 43.31, 270],
		[32, "H1_2", 830, 855, "B", "DIP", "+5V", "", "C", 66.93, 66.93, 43.31, 270],
		[33, "H1_3", 730, 755, "T", "DIP", "+5V", "", "C", 66.93, 66.93, 43.31, 270],
		[34, "H1_3", 730, 755, "B", "DIP", "+5V", "", "C", 66.93, 66.93, 43.31, 270],
		[35, "H1_4", 830, 755, "T", "DIP", "+5V", "", "C", 66.93, 66.93, 43.31, 270],
		[36, "H1_4", 830, 755, "B", "DIP", "+5V", "", "C", 66.93, 66.93, 43.31, 270],
		[37, "H1_5", 730, 655, "T", "DIP", "+5V", "", "C", 66.93, 66.93, 43.31, 270],
		[38, "H1_5", 730, 655, "B", "DIP", "+5V", "", "C", 66.93, 66.93, 43.31, 270],
		[39, "H1_6", 830, 655, "T", "DIP", "+5V", "", "C", 66.93, 66.93, 43.31, 270],
		[40, "H1_6", 830, 655, "B", "DIP", "+5V", "", "C", 66.93, 66.93, 43.31, 270],
		[41, "H1_7", 730, 555, "T", "DIP", "+5V", "", "C", 66.93, 66.93, 43.31, 270],
		[42, "H1_7", 730, 555, "B", "DIP", "+5V", "", "C", 66.93, 66.93, 43.31, 270],
		[43, "H1_8", 830, 555, "T", "DIP", "+5V", "", "C", 66.93, 66.93, 43.31, 270],
		[44, "H1_8", 830, 555, "B", "DIP", "+5V", "", "C", 66.93, 66.93, 43.31, 270],
		[45, "H2_1", 730, 430, "T", "DIP", "GND", "GND", "R", 66.93, 66.93, 43.31, 270],
		[46, "H2_1", 730, 430, "B", "DIP", "GND", "GND", "R", 66.93, 66.93, 43.31, 270],
		[47, "H2_2", 830, 430, "T", "DIP", "GND", "GND", "C", 66.93, 66.93, 43.31, 270],
		[48, "H2_2", 830, 430, "B", "DIP", "GND", "GND", "C", 66.93, 66.93, 43.31, 270],
		[49, "H2_3", 730, 330, "T", "DIP", "GND", "GND", "C", 66.93, 66.93, 43.31, 270],
		[50, "H2_3", 730, 330, "B", "DIP", "GND", "GND", "C", 66.93, 66.93, 43.31, 270],
		[51, "H2_4", 830, 330, "T", "DIP", "GND", "GND", "C", 66.93, 66.93, 43.31, 270],
		[52, "H2_4", 830, 330, "B", "DIP", "GND", "GND", "C", 66.93, 66.93, 43.31, 270],
		[53, "H2_5", 730, 230, "T", "DIP", "GND", "GND", "C", 66.93, 66.93, 43.31, 270],
		[54, "H2_5", 730, 230, "B", "DIP", "GND", "GND", "C", 66.93, 66.93, 43.31, 270],
		[55, "H2_6", 830, 230, "T", "DIP", "GND", "GND", "C", 66.93, 66.93, 43.31, 270],
		[56, "H2_6", 830, 230, "B", "DIP", "GND", "GND", "C", 66.93, 66.93, 43.31, 270],
		[57, "H2_7", 730, 130, "T", "DIP", "GND", "GND", "C", 66.93, 66.93, 43.31, 270],
		[58, "H2_7", 730, 130, "B", "DIP", "GND", "GND", "C", 66.93, 66.93, 43.31, 270],
		[59, "H2_8", 830, 130, "T", "DIP", "GND", "GND", "C", 66.93, 66.93, 43.31, 270],
		[60, "H2_8", 830, 130, "B", "DIP", "GND", "GND", "C", 66.93, 66.93, 43.31, 270],
		[61, "J1_1", 600, 855, "T", "DIP", "VCC", "", "R", 62.99, 62.99, 41.34, 180],
		[62, "J1_1", 600, 855, "B", "DIP", "VCC", "", "R", 62.99, 62.99, 41.34, 180],
		[63, "J1_2", 500, 855, "T", "DIP", "D0/RX", "", "C", 62.99, 62.99, 41.34, 180],
		[64, "J1_2", 500, 855, "B", "DIP", "D0/RX", "", "C", 62.99, 62.99, 41.34, 180],
		[65, "J1_3", 400, 855, "T", "DIP", "D1/TX", "", "C", 62.99, 62.99, 41.34, 180],
		[66, "J1_3", 400, 855, "B", "DIP", "D1/TX", "", "C", 62.99, 62.99, 41.34, 180],
		[67, "J1_4", 300, 855, "T", "DIP", "D2", "", "C", 62.99, 62.99, 41.34, 180],
		[68, "J1_4", 300, 855, "B", "DIP", "D2", "", "C", 62.99, 62.99, 41.34, 180],
		[69, "J1_5", 200, 855, "T", "DIP", "D3", "", "C", 62.99, 62.99, 41.34, 180],
		[70, "J1_5", 200, 855, "B", "DIP", "D3", "", "C", 62.99, 62.99, 41.34, 180],
		[71, "J1_6", 100, 855, "T", "DIP", "D4", "", "C", 62.99, 62.99, 41.34, 180],
		[72, "J1_6", 100, 855, "B", "DIP", "D4", "", "C", 62.99, 62.99, 41.34, 180],
		[73, "J1_7", 0, 855, "T", "DIP", "D5", "", "C", 62.99, 62.99, 41.34, 180],
		[74, "J1_7", 0, 855, "B", "DIP", "D5", "", "C", 62.99, 62.99, 41.34, 180],
		[75, "J1_8", -100, 855, "T", "DIP", "D6", "", "C", 62.99, 62.99, 41.34, 180],
		[76, "J1_8", -100, 855, "B", "DIP", "D6", "", "C", 62.99, 62.99, 41.34, 180],
		[77, "J1_9", -200, 855, "T", "DIP", "D7", "", "C", 62.99, 62.99, 41.34, 180],
		[78, "J1_9", -200, 855, "B", "DIP", "D7", "", "C", 62.99, 62.99, 41.34, 180],
		[79, "J1_10", -300, 855, "T", "DIP", "D8", "", "C", 62.99, 62.99, 41.34, 180],
		[80, "J1_10", -300, 855, "B", "DIP", "D8", "", "C", 62.99, 62.99, 41.34, 180],
		[81, "J1_11", -400, 855, "T", "DIP", "D9", "", "C", 62.99, 62.99, 41.34, 180],
		[82, "J1_11", -400, 855, "B", "DIP", "D9", "", "C", 62.99, 62.99, 41.34, 180],
		[83, "J1_12", -500, 855, "T", "DIP", "D10/SS", "", "C", 62.99, 62.99, 41.34, 180],
		[84, "J1_12", -500, 855, "B", "DIP", "D10/SS", "", "C", 62.99, 62.99, 41.34, 180],
		[85, "J1_13", -600, 855, "T", "DIP", "D11/MOSI", "", "C", 62.99, 62.99, 41.34, 180],
		[86, "J1_13", -600, 855, "B", "DIP", "D11/MOSI", "", "C", 62.99, 62.99, 41.34, 180],
		[87, "J1_14", -700, 855, "T", "DIP", "D12/MISO", "", "C", 62.99, 62.99, 41.34, 180],
		[88, "J1_14", -700, 855, "B", "DIP", "D12/MISO", "", "C", 62.99, 62.99, 41.34, 180],
		[89, "J1_15", -800, 855, "T", "DIP", "D13/SCK", "", "C", 62.99, 62.99, 41.34, 180],
		[90, "J1_15", -800, 855, "B", "DIP", "D13/SCK", "", "C", 62.99, 62.99, 41.34, 180],
		[91, "J2_1", 650, -860, "T", "DIP", "+5V", "", "R", 62.99, 62.99, 41.34, 180],
		[92, "J2_1", 650, -860, "B", "DIP", "+5V", "", "R", 62.99, 62.99, 41.34, 180],
		[93, "J2_2", 550, -860, "T", "DIP", "+5V", "", "C", 62.99, 62.99, 41.34, 180],
		[94, "J2_2", 550, -860, "B", "DIP", "+5V", "", "C", 62.99, 62.99, 41.34, 180],
		[95, "J2_3", 450, -860, "T", "DIP", "GND", "GND", "C", 62.99, 62.99, 41.34, 180],
		[96, "J2_3", 450, -860, "B", "DIP", "GND", "GND", "C", 62.99, 62.99, 41.34, 180],
		[97, "J2_4", 350, -860, "T", "DIP", "GND", "GND", "C", 62.99, 62.99, 41.34, 180],
		[98, "J2_4", 350, -860, "B", "DIP", "GND", "GND", "C", 62.99, 62.99, 41.34, 180],
		[99, "J2_5", 250, -860, "T", "DIP", "GND", "GND", "C", 62.99, 62.99, 41.34, 180],
		[100, "J2_5", 250, -860, "B", "DIP", "GND", "GND", "C", 62.99, 62.99, 41.34, 180],
		[101, "J2_6", 150, -860, "T", "DIP", "RESET", "", "C", 62.99, 62.99, 41.34, 180],
		[102, "J2_6", 150, -860, "B", "DIP", "RESET", "", "C", 62.99, 62.99, 41.34, 180],
		[103, "J2_7", 50, -860, "T", "DIP", "A7", "", "C", 62.99, 62.99, 41.34, 180],
		[104, "J2_7", 50, -860, "B", "DIP", "A7", "", "C", 62.99, 62.99, 41.34, 180],
		[105, "J2_8", -50, -860, "T", "DIP", "A6", "", "C", 62.99, 62.99, 41.34, 180],
		[106, "J2_8", -50, -860, "B", "DIP", "A6", "", "C", 62.99, 62.99, 41.34, 180],
		[107, "J2_9", -150, -860, "T", "DIP", "A5/SCL", "", "C", 62.99, 62.99, 41.34, 180],
		[108, "J2_9", -150, -860, "B", "DIP", "A5/SCL", "", "C", 62.99, 62.99, 41.34, 180],
		[109, "J2_10", -250, -860, "T", "DIP", "A4/SDA", "", "C", 62.99, 62.99, 41.34, 180],
		[110, "J2_10", -250, -860, "B", "DIP", "A4/SDA", "", "C", 62.99, 62.99, 41.34, 180],
		[111, "J2_11", -350, -860, "T", "DIP", "A3", "", "C", 62.99, 62.99, 41.34, 180],
		[112, "J2_11", -350, -860, "B", "DIP", "A3", "", "C", 62.99, 62.99, 41.34, 180],
		[113, "J2_12", -450, -860, "T", "DIP", "A2", "", "C", 62.99, 62.99, 41.34, 180],
		[114, "J2_12", -450, -860, "B", "DIP", "A2", "", "C", 62.99, 62.99, 41.34, 180],
		[115, "J2_13", -550, -860, "T", "DIP", "A1", "", "C", 62.99, 62.99, 41.34, 180],
		[116, "J2_13", -550, -860, "B", "DIP", "A1", "", "C", 62.99, 62.99, 41.34, 180],
		[117, "J2_14", -650, -860, "T", "DIP", "A0", "", "C", 62.99, 62.99, 41.34, 180],
		[118, "J2_14", -650, -860, "B", "DIP", "A0", "", "C", 62.99, 62.99, 41.34, 180],
		[119, "J2_15", -750, -860, "T", "DIP", "AREF", "", "C", 62.99, 62.99, 41.34, 180],
		[120, "J2_15", -750, -860, "B", "DIP", "AREF", "", "C", 62.99, 62.99, 41.34, 180],
		[121, "J3_1", 830, -205, "T", "DIP", "D12/MISO", "", "R", 66.93, 66.93, 43.31, 90],
		[122, "J3_1", 830, -205, "B", "DIP", "D12/MISO", "", "R", 66.93, 66.93, 43.31, 90],
		[123, "J3_2", 730, -205, "T", "DIP", "+5V", "", "C", 66.93, 66.93, 43.31, 90],
		[124, "J3_2", 730, -205, "B", "DIP", "+5V", "", "C", 66.93, 66.93, 43.31, 90],
		[125, "J3_3", 830, -105, "T", "DIP", "D13/SCK", "", "C", 66.93, 66.93, 43.31, 90],
		[126, "J3_3", 830, -105, "B", "DIP", "D13/SCK", "", "C", 66.93, 66.93, 43.31, 90],
		[127, "J3_4", 730, -105, "T", "DIP", "D11/MOSI", "", "C", 66.93, 66.93, 43.31, 90],
		[128, "J3_4", 730, -105, "B", "DIP", "D11/MOSI", "", "C", 66.93, 66.93, 43.31, 90],
		[129, "J3_5", 830, -5, "T", "DIP", "RESET", "", "C", 66.93, 66.93, 43.31, 90],
		[130, "J3_5", 830, -5, "B", "DIP", "RESET", "", "C", 66.93, 66.93, 43.31, 90],
		[131, "J3_6", 730, -5, "T", "DIP", "GND", "GND", "C", 66.93, 66.93, 43.31, 90],
		[132, "J3_6", 730, -5, "B", "DIP", "GND", "GND", "C", 66.93, 66.93, 43.31, 90],
		[133, "J4_1", 831.54, -338.6, "T", "DIP", "D13/SCK", "", "R", 66.93, 66.93, 43.31, 270],
		[134, "J4_1", 831.54, -338.6, "B", "DIP", "D13/SCK", "", "R", 66.93, 66.93, 43.31, 270],
		[135, "J4_2", 831.54, -438.6, "T", "DIP", "D11/MOSI", "", "C", 66.93, 66.93, 43.31, 270],
		[136, "J4_2", 831.54, -438.6, "B", "DIP", "D11/MOSI", "", "C", 66.93, 66.93, 43.31, 270],
		[137, "J4_3", 831.54, -538.6, "T", "DIP", "D12/MISO", "", "C", 66.93, 66.93, 43.31, 270],
		[138, "J4_3", 831.54, -538.6, "B", "DIP", "D12/MISO", "", "C", 66.93, 66.93, 43.31, 270],
		[139, "J4_4", 831.54, -638.6, "T", "DIP", "D10/SS", "", "C", 66.93, 66.93, 43.31, 270],
		[140, "J4_4", 831.54, -638.6, "B", "DIP", "D10/SS", "", "C", 66.93, 66.93, 43.31, 270],
		[141, "J5_1", 835, -860, "T", "DIP", "A4/SDA", "", "R", 78.74, 78.74, 47.24, 90],
		[142, "J5_1", 835, -860, "B", "DIP", "A4/SDA", "", "R", 78.74, 78.74, 47.24, 90],
		[143, "J5_2", 835, -760, "T", "DIP", "A5/SCL", "", "C", 78.74, 78.74, 47.24, 90],
		[144, "J5_2", 835, -760, "B", "DIP", "A5/SCL", "", "C", 78.74, 78.74, 47.24, 90],
		[145, "LED1_1", -861.48, 599.87, "T", "SMD", "GND", "GND", "R", 31.5, 31.5, 0, 90],
		[146, "LED1_2", -798.52, 600.14, "T", "SMD", "D13/SCK", "", "R", 31.5, 31.5, 0, 90],
		[147, "LED2_1", -861.48, 529.87, "T", "SMD", "GND", "GND", "R", 31.5, 31.5, 0, 90],
		[148, "LED2_2", -798.52, 530.14, "T", "SMD", "$1N5296", "", "R", 31.5, 31.5, 0, 90],
		[149, "LED3_1", 165, 641.5, "T", "SMD", "$1N5325", "", "R", 31.5, 31.5, 0, 0],
		[150, "LED3_2", 165, 708.5, "T", "SMD", "D1/TX", "", "R", 31.5, 31.5, 0, 0],
		[151, "LED4_1", 265, 641.5, "T", "SMD", "$1N5330", "", "R", 31.5, 31.5, 0, 360],
		[152, "LED4_2", 265, 708.5, "T", "SMD", "D0/RX", "", "R", 31.5, 31.5, 0, 360],
		[153, "R1_1", -250, 4.66, "T", "SMD", "AREF", "", "R", 31.75, 34.02, 0, 270],
		[154, "R1_2", -250, -54.66, "T", "SMD", "+5V", "", "R", 31.75, 34.02, 0, 270],
		[155, "R2_1", -680.34, 530, "T", "SMD", "+5V", "", "R", 31.75, 34.02, 0, 180],
		[156, "R2_2", -739.66, 530, "T", "SMD", "$1N5296", "", "R", 31.75, 34.02, 0, 180],
		[157, "R3_1", 165.34, 505.68, "T", "SMD", "+5V", "", "R", 31.75, 34.02, 0, 90],
		[158, "R3_2", 165.34, 565, "T", "SMD", "$1N5325", "", "R", 31.75, 34.02, 0, 90],
		[159, "R4_1", 265.34, 505.68, "T", "SMD", "+5V", "", "R", 31.75, 34.02, 0, 90],
		[160, "R4_2", 265.34, 565, "T", "SMD", "$1N5330", "", "R", 31.75, 34.02, 0, 90],
		[161, "R6_1", 261.04, 80.77, "T", "SMD", "OSC_OUT", "", "R", 31.75, 34.02, 0, 90],
		[162, "R6_2", 261.04, 140.09, "T", "SMD", "OSC_IN", "", "R", 31.75, 34.02, 0, 90],
		[163, "R7_1", 705.34, -690, "T", "SMD", "A5/SCL", "", "R", 31.75, 34.02, 0, 180],
		[164, "R7_2", 646.02, -690, "T", "SMD", "+5V", "", "R", 31.75, 34.02, 0, 180],
		[165, "R8_1", 645.34, -750, "T", "SMD", "+5V", "", "R", 31.75, 34.02, 0, 0],
		[166, "R8_2", 704.66, -750, "T", "SMD", "A4/SDA", "", "R", 31.75, 34.02, 0, 0],
		[167, "SW2_1", 100, -315.4, "T", "SMD", "RESET", "", "R", 59.05, 55.12, 0, 360],
		[168, "SW2_2", 100, -614.6, "T", "SMD", "GND", "GND", "R", 59.05, 55.12, 0, 360],
		[169, "U1_1", 172, -110.24, "T", "SMD", "D3", "", "O", 17.72, 64.96, 0, 90],
		[170, "U1_2", 172, -78.74, "T", "SMD", "D4", "", "O", 17.72, 64.96, 0, 90],
		[171, "U1_3", 172, -47.24, "T", "SMD", "GND", "GND", "O", 17.72, 64.96, 0, 90],
		[172, "U1_4", 172, -15.75, "T", "SMD", "+5V", "", "O", 17.72, 64.96, 0, 90],
		[173, "U1_5", 172, 15.75, "T", "SMD", "GND", "GND", "O", 17.72, 64.96, 0, 90],
		[174, "U1_6", 172, 47.24, "T", "SMD", "+5V", "", "O", 17.72, 64.96, 0, 90],
		[175, "U1_7", 172, 78.74, "T", "SMD", "OSC_OUT", "", "O", 17.72, 64.96, 0, 90],
		[176, "U1_8", 172, 110.24, "T", "SMD", "OSC_IN", "", "O", 17.72, 64.96, 0, 90],
		[177, "U1_9", 110.24, 172.5, "T", "SMD", "D5", "", "O", 64.96, 17.72, 0, 90],
		[178, "U1_10", 78.74, 172.5, "T", "SMD", "D6", "", "O", 64.96, 17.72, 0, 90],
		[179, "U1_11", 47.24, 172.5, "T", "SMD", "D7", "", "O", 64.96, 17.72, 0, 90],
		[180, "U1_12", 15.75, 172.5, "T", "SMD", "D8", "", "O", 64.96, 17.72, 0, 90],
		[181, "U1_13", -15.75, 172.5, "T", "SMD", "D9", "", "O", 64.96, 17.72, 0, 90],
		[182, "U1_14", -47.24, 172.5, "T", "SMD", "D10/SS", "", "O", 64.96, 17.72, 0, 90],
		[183, "U1_15", -78.74, 172.5, "T", "SMD", "D11/MOSI", "", "O", 64.96, 17.72, 0, 90],
		[184, "U1_16", -110.24, 172.5, "T", "SMD", "D12/MISO", "", "O", 64.96, 17.72, 0, 90],
		[185, "U1_17", -172, 110.24, "T", "SMD", "D13/SCK", "", "O", 17.72, 64.96, 0, 90],
		[186, "U1_18", -172, 78.74, "T", "SMD", "+5V", "", "O", 17.72, 64.96, 0, 90],
		[187, "U1_19", -172, 47.24, "T", "SMD", "A6", "", "O", 17.72, 64.96, 0, 90],
		[188, "U1_20", -172, 15.75, "T", "SMD", "AREF", "", "O", 17.72, 64.96, 0, 90],
		[189, "U1_21", -172, -15.75, "T", "SMD", "GND", "GND", "O", 17.72, 64.96, 0, 90],
		[190, "U1_22", -172, -47.24, "T", "SMD", "A7", "", "O", 17.72, 64.96, 0, 90],
		[191, "U1_23", -172, -78.74, "T", "SMD", "A0", "", "O", 17.72, 64.96, 0, 90],
		[192, "U1_24", -172, -110.24, "T", "SMD", "A1", "", "O", 17.72, 64.96, 0, 90],
		[193, "U1_25", -110.24, -172.5, "T", "SMD", "A2", "", "O", 64.96, 17.72, 0, 90],
		[194, "U1_26", -78.74, -172.5, "T", "SMD", "A3", "", "O", 64.96, 17.72, 0, 90],
		[195, "U1_27", -47.24, -172.5, "T", "SMD", "A4/SDA", "", "O", 64.96, 17.72, 0, 90],
		[196, "U1_28", -15.75, -172.5, "T", "SMD", "A5/SCL", "", "O", 64.96, 17.72, 0, 90],
		[197, "U1_29", 15.75, -172.5, "T", "SMD", "RESET", "", "O", 64.96, 17.72, 0, 90],
		[198, "U1_30", 47.24, -172.5, "T", "SMD", "D0/RX", "", "O", 64.96, 17.72, 0, 90],
		[199, "U1_31", 78.74, -172.5, "T", "SMD", "D1/TX", "", "O", 64.96, 17.72, 0, 90],
		[200, "U1_32", 110.24, -172.5, "T", "SMD", "D2", "", "O", 64.96, 17.72, 0, 90],
		[201, "U2_1", -608, -525.55, "T", "SMD", "GND", "GND", "R", 43.31, 86.61, 0, 90],
		[202, "U2_2", -608, -435, "T", "SMD", "$1N3451", "", "R", 43.31, 86.61, 0, 90],
		[203, "U2_3", -608, -344.45, "T", "SMD", "VCC", "", "R", 43.31, 86.61, 0, 90],
		[204, "U2_4", -852, -435, "T", "SMD", "GND", "GND", "R", 86.61, 137.79, 0, 0],
		[205, "U3_1", 595, -357.3, "T", "SMD", "GND", "GND", "O", 23.7, 77.6, 0, 180],
		[206, "U3_2", 545, -357.3, "T", "SMD", "D0/RX", "", "O", 23.7, 77.6, 0, 180],
		[207, "U3_3", 495, -357.3, "T", "SMD", "D1/TX", "", "O", 23.7, 77.6, 0, 180],
		[208, "U3_4", 445, -357.3, "T", "SMD", "$1N4306", "", "O", 23.7, 77.6, 0, 180],
		[209, "U3_5", 395, -357.3, "T", "SMD", "CH340_D+", "", "O", 23.7, 77.6, 0, 180],
		[210, "U3_6", 345, -357.3, "T", "SMD", "CH340_D-", "", "O", 23.7, 77.6, 0, 180],
		[211, "U3_7", 295, -357.3, "T", "SMD", "U3_7", "", "O", 23.7, 77.6, 0, 180],
		[212, "U3_8", 245, -357.3, "T", "SMD", "U3_8", "", "O", 23.7, 77.6, 0, 180],
		[213, "U3_9", 245, -572.7, "T", "SMD", "U3_9", "", "O", 23.7, 77.6, 0, 180],
		[214, "U3_10", 295, -572.7, "T", "SMD", "U3_10", "", "O", 23.7, 77.6, 0, 180],
		[215, "U3_11", 345, -572.7, "T", "SMD", "U3_11", "", "O", 23.7, 77.6, 0, 180],
		[216, "U3_12", 395, -572.7, "T", "SMD", "U3_12", "", "O", 23.7, 77.6, 0, 180],
		[217, "U3_13", 445, -572.7, "T", "SMD", "$1N7931", "", "O", 23.7, 77.6, 0, 180],
		[218, "U3_14", 495, -572.7, "T", "SMD", "U3_14", "", "O", 23.7, 77.6, 0, 180],
		[219, "U3_15", 545, -572.7, "T", "SMD", "U3_15", "", "O", 23.7, 77.6, 0, 180],
		[220, "U3_16", 595, -572.7, "T", "SMD", "+5V", "", "O", 23.7, 77.6, 0, 180],
		[221, "USB1_8", -730.73, 199.61, "T", "SMD", "GND", "GND", "R", 74.8, 57.09, 0, 270],
		[222, "USB1_9", -730.73, -199.61, "T", "SMD", "GND", "GND", "R", 74.8, 57.09, 0, 270],
		[223, "USB1_10", -895.3, 199.61, "T", "SMD", "GND", "GND", "R", 74.8, 51.18, 0, 270],
		[224, "USB1_11", -895.3, -199.61, "T", "SMD", "GND", "GND", "R", 74.8, 51.18, 0, 270],
		[225, "USB1_A1B12", -694.71, 126.97, "T", "SMD", "GND", "GND", "R", 21.65, 57.09, 0, 270],
		[226, "USB1_A4B9", -694.71, 96.85, "T", "SMD", "VCC", "", "R", 21.65, 57.09, 0, 270],
		[227, "USB1_A5", -694.71, 49.21, "T", "SMD", "USB1_A5", "", "R", 11.81, 57.09, 0, 270],
		[228, "USB1_A6", -694.71, 9.84, "T", "SMD", "CH340_D+", "", "R", 11.81, 57.09, 0, 270],
		[229, "USB1_A7", -694.71, -9.84, "T", "SMD", "CH340_D-", "", "R", 11.81, 57.09, 0, 270],
		[230, "USB1_A8", -694.71, -49.21, "T", "SMD", "USB1_A8", "", "R", 11.81, 57.09, 0, 270],
		[231, "USB1_B1A12", -694.71, -126.97, "T", "SMD", "GND", "GND", "R", 21.65, 57.09, 0, 270],
		[232, "USB1_B4A9", -694.71, -96.85, "T", "SMD", "VCC", "", "R", 21.65, 57.09, 0, 270],
		[233, "USB1_B5", -694.71, -68.9, "T", "SMD", "USB1_B5", "", "R", 11.81, 57.09, 0, 270],
		[234, "USB1_B6", -694.71, -29.53, "T", "SMD", "CH340_D+", "", "R", 11.81, 57.09, 0, 270],
		[235, "USB1_B7", -694.71, 29.53, "T", "SMD", "CH340_D-", "", "R", 11.81, 57.09, 0, 270],
		[236, "USB1_B8", -694.71, 68.9, "T", "SMD", "USB1_B8", "", "R", 11.81, 57.09, 0, 270],
		[237, "X1_1", 420, 130.75, "T", "SMD", "OSC_OUT", "", "R", 216.54, 51.18, 0, 270],
		[238, "X1_2", 420, 489.25, "T", "SMD", "OSC_IN", "", "R", 216.54, 51.18, 0, 270]
	]
}
}